motif_id	motif_alt_id	sequence_name	start	stop	strand	score	p-value	q-value	matched_sequence
M00001_2.00	ABF1	11	1894	1901	-	14.3373	2.18e-05	0.649	TTATCACT
M00001_2.00	ABF1	11	2381	2388	+	14.3373	2.18e-05	0.649	TTATCACT
M00001_2.00	ABF1	mito	3032	3039	-	14.3373	2.18e-05	0.649	TTATCACT
M00001_2.00	ABF1	15	3085	3092	+	14.3373	2.18e-05	0.649	ttatcacT
M00001_2.00	ABF1	7	6852	6859	+	14.3373	2.18e-05	0.649	TTATCACT
M00001_2.00	ABF1	8	7656	7663	+	14.3373	2.18e-05	0.649	TTATCACT
M00001_2.00	ABF1	7	8646	8653	-	14.3373	2.18e-05	0.649	TTATCACT
M00001_2.00	ABF1	10	9338	9345	+	14.3373	2.18e-05	0.649	TTATCACT
M00001_2.00	ABF1	9	9355	9362	+	14.3373	2.18e-05	0.649	TTATCACT
M00001_2.00	ABF1	8	9596	9603	-	14.3373	2.18e-05	0.649	TTATCACT
M00001_2.00	ABF1	16	11010	11017	-	14.3373	2.18e-05	0.649	TTATCACT
M00001_2.00	ABF1	15	12065	12072	+	14.3373	2.18e-05	0.649	TTATCACT
M00001_2.00	ABF1	8	12494	12501	+	14.3373	2.18e-05	0.649	TTATCACT
M00001_2.00	ABF1	mito	16490	16497	+	14.3373	2.18e-05	0.649	TTATCACT
M00001_2.00	ABF1	9	20488	20495	-	14.3373	2.18e-05	0.649	TTATCACT
M00001_2.00	ABF1	13	26755	26762	+	14.3373	2.18e-05	0.649	TTATCACT
M00001_2.00	ABF1	3	27173	27180	+	14.3373	2.18e-05	0.649	TTATCACT
M00001_2.00	ABF1	11	27893	27900	+	14.3373	2.18e-05	0.649	TTATCACT
M00001_2.00	ABF1	6	27940	27947	+	14.3373	2.18e-05	0.649	TTATCACT
M00001_2.00	ABF1	10	30439	30446	-	14.3373	2.18e-05	0.649	TTATCACT
M00001_2.00	ABF1	4	30578	30585	-	14.3373	2.18e-05	0.649	TTATCACT
M00001_2.00	ABF1	mito	31281	31288	+	14.3373	2.18e-05	0.649	TTATCACT
M00001_2.00	ABF1	11	33263	33270	+	14.3373	2.18e-05	0.649	TTATCACT
M00001_2.00	ABF1	8	34137	34144	-	14.3373	2.18e-05	0.649	TTATCACT
M00001_2.00	ABF1	5	34319	34326	-	14.3373	2.18e-05	0.649	TTATCACT
M00001_2.00	ABF1	2	34358	34365	-	14.3373	2.18e-05	0.649	TTATCACT
M00001_2.00	ABF1	4	34921	34928	-	14.3373	2.18e-05	0.649	TTATCACT
M00001_2.00	ABF1	3	36837	36844	-	14.3373	2.18e-05	0.649	TTATCACT
M00001_2.00	ABF1	14	37771	37778	+	14.3373	2.18e-05	0.649	TTATCACT
M00001_2.00	ABF1	9	38615	38622	+	14.3373	2.18e-05	0.649	TTATCACT
M00001_2.00	ABF1	13	39546	39553	-	14.3373	2.18e-05	0.649	TTATCACT
M00001_2.00	ABF1	2	40001	40008	+	14.3373	2.18e-05	0.649	TTATCACT
M00001_2.00	ABF1	8	42310	42317	-	14.3373	2.18e-05	0.649	TTATCACT
M00001_2.00	ABF1	16	42707	42714	-	14.3373	2.18e-05	0.649	TTATCACT
M00001_2.00	ABF1	2	43681	43688	+	14.3373	2.18e-05	0.649	TTATCACT
M00001_2.00	ABF1	3	44884	44891	-	14.3373	2.18e-05	0.649	TTATCACT
M00001_2.00	ABF1	5	45225	45232	-	14.3373	2.18e-05	0.649	TTATCACT
M00001_2.00	ABF1	2	46545	46552	-	14.3373	2.18e-05	0.649	TTATCACT
M00001_2.00	ABF1	3	46807	46814	-	14.3373	2.18e-05	0.649	TTATCACT
M00001_2.00	ABF1	6	47174	47181	-	14.3373	2.18e-05	0.649	TTATCACT
M00001_2.00	ABF1	14	47559	47566	-	14.3373	2.18e-05	0.649	TTATCACT
M00001_2.00	ABF1	10	48149	48156	-	14.3373	2.18e-05	0.649	TTATCACT
M00001_2.00	ABF1	5	48451	48458	-	14.3373	2.18e-05	0.649	TTATCACT
M00001_2.00	ABF1	9	50467	50474	+	14.3373	2.18e-05	0.649	TTATCACT
M00001_2.00	ABF1	1	50659	50666	+	14.3373	2.18e-05	0.649	TTATCACT
M00001_2.00	ABF1	8	51002	51009	+	14.3373	2.18e-05	0.649	TTATCACT
M00001_2.00	ABF1	15	51188	51195	+	14.3373	2.18e-05	0.649	TTATCACT
M00001_2.00	ABF1	6	51979	51986	+	14.3373	2.18e-05	0.649	TTATCACT
M00001_2.00	ABF1	14	54067	54074	+	14.3373	2.18e-05	0.649	TTATCACT
M00001_2.00	ABF1	4	55107	55114	-	14.3373	2.18e-05	0.649	TTATCACT
M00001_2.00	ABF1	3	55236	55243	-	14.3373	2.18e-05	0.649	TTATCACT
M00001_2.00	ABF1	4	56478	56485	-	14.3373	2.18e-05	0.649	TTATCACT
M00001_2.00	ABF1	2	58565	58572	-	14.3373	2.18e-05	0.649	TTATCACT
M00001_2.00	ABF1	mito	60158	60165	-	14.3373	2.18e-05	0.649	TTATCACT
M00001_2.00	ABF1	16	61126	61133	-	14.3373	2.18e-05	0.649	TTATCACT
M00001_2.00	ABF1	3	61623	61630	-	14.3373	2.18e-05	0.649	TTATCACT
M00001_2.00	ABF1	5	61675	61682	+	14.3373	2.18e-05	0.649	TTATCAct
M00001_2.00	ABF1	8	62479	62486	-	14.3373	2.18e-05	0.649	TTATCACT
M00001_2.00	ABF1	13	63378	63385	-	14.3373	2.18e-05	0.649	TTATCACT
M00001_2.00	ABF1	11	63804	63811	+	14.3373	2.18e-05	0.649	TTATCACT
M00001_2.00	ABF1	3	66078	66085	-	14.3373	2.18e-05	0.649	TTATCACT
M00001_2.00	ABF1	16	66378	66385	-	14.3373	2.18e-05	0.649	TTATCACT
M00001_2.00	ABF1	1	70287	70294	+	14.3373	2.18e-05	0.649	TTATCACT
M00001_2.00	ABF1	7	70726	70733	+	14.3373	2.18e-05	0.649	TTATCACT
M00001_2.00	ABF1	14	71695	71702	-	14.3373	2.18e-05	0.649	TTATCACT
M00001_2.00	ABF1	6	71873	71880	+	14.3373	2.18e-05	0.649	TTATCACT
M00001_2.00	ABF1	10	72231	72238	+	14.3373	2.18e-05	0.649	TTATCACT
M00001_2.00	ABF1	12	72896	72903	-	14.3373	2.18e-05	0.649	TTATCACT
M00001_2.00	ABF1	4	73182	73189	+	14.3373	2.18e-05	0.649	TTATCACT
M00001_2.00	ABF1	12	74702	74709	-	14.3373	2.18e-05	0.649	TTATCACT
M00001_2.00	ABF1	3	74706	74713	-	14.3373	2.18e-05	0.649	TTATCACT
M00001_2.00	ABF1	4	76004	76011	+	14.3373	2.18e-05	0.649	TTATCACT
M00001_2.00	ABF1	14	76468	76475	+	14.3373	2.18e-05	0.649	TTATCACT
M00001_2.00	ABF1	6	76646	76653	-	14.3373	2.18e-05	0.649	TTATCACT
M00001_2.00	ABF1	15	76663	76670	+	14.3373	2.18e-05	0.649	TTATCACT
M00001_2.00	ABF1	1	76880	76887	-	14.3373	2.18e-05	0.649	TTATCACT
M00001_2.00	ABF1	mito	79315	79322	+	14.3373	2.18e-05	0.649	TTATCACT
M00001_2.00	ABF1	15	81583	81590	-	14.3373	2.18e-05	0.649	TTATCACT
M00001_2.00	ABF1	12	82173	82180	+	14.3373	2.18e-05	0.649	TTATCACT
M00001_2.00	ABF1	2	82193	82200	+	14.3373	2.18e-05	0.649	TTATCACT
M00001_2.00	ABF1	4	82778	82785	+	14.3373	2.18e-05	0.649	TTATCACT
M00001_2.00	ABF1	12	83787	83794	-	14.3373	2.18e-05	0.649	TTATCACT
M00001_2.00	ABF1	10	83897	83904	-	14.3373	2.18e-05	0.649	TTATCACT
M00001_2.00	ABF1	4	84085	84092	-	14.3373	2.18e-05	0.649	TTATCACT
M00001_2.00	ABF1	1	86787	86794	-	14.3373	2.18e-05	0.649	TTATCACT
M00001_2.00	ABF1	14	88069	88076	+	14.3373	2.18e-05	0.649	TTATCACT
M00001_2.00	ABF1	3	89525	89532	-	14.3373	2.18e-05	0.649	TTATCACT
M00001_2.00	ABF1	15	89782	89789	-	14.3373	2.18e-05	0.649	TTATCACT
M00001_2.00	ABF1	9	90341	90348	-	14.3373	2.18e-05	0.649	TTATCACT
M00001_2.00	ABF1	2	91087	91094	+	14.3373	2.18e-05	0.649	TTATCACT
M00001_2.00	ABF1	10	94196	94203	+	14.3373	2.18e-05	0.649	TTATCACT
M00001_2.00	ABF1	7	94269	94276	-	14.3373	2.18e-05	0.649	TTATCACT
M00001_2.00	ABF1	6	99315	99322	-	14.3373	2.18e-05	0.649	TTATCACT
M00001_2.00	ABF1	3	99827	99834	-	14.3373	2.18e-05	0.649	TTATCACT
M00001_2.00	ABF1	4	100147	100154	+	14.3373	2.18e-05	0.649	TTATCACT
M00001_2.00	ABF1	11	100414	100421	+	14.3373	2.18e-05	0.649	TTATCACT
M00001_2.00	ABF1	8	102675	102682	-	14.3373	2.18e-05	0.649	TTATCACT
M00001_2.00	ABF1	5	103143	103150	+	14.3373	2.18e-05	0.649	TTATCACT
M00001_2.00	ABF1	12	103204	103211	+	14.3373	2.18e-05	0.649	TTATCACT
M00001_2.00	ABF1	11	104143	104150	+	14.3373	2.18e-05	0.649	TTATCACT
M00001_2.00	ABF1	15	104440	104447	-	14.3373	2.18e-05	0.649	TTATCACT
M00001_2.00	ABF1	12	106864	106871	+	14.3373	2.18e-05	0.649	TTATCACT
M00001_2.00	ABF1	13	107997	108004	+	14.3373	2.18e-05	0.649	TTATCACT
M00001_2.00	ABF1	5	109156	109163	+	14.3373	2.18e-05	0.649	TTATCACT
M00001_2.00	ABF1	14	111202	111209	+	14.3373	2.18e-05	0.649	TTATCACT
M00001_2.00	ABF1	5	112624	112631	+	14.3373	2.18e-05	0.649	TTATCACT
M00001_2.00	ABF1	6	113750	113757	+	14.3373	2.18e-05	0.649	TTATCACT
M00001_2.00	ABF1	6	115788	115795	-	14.3373	2.18e-05	0.649	TTATCACT
M00001_2.00	ABF1	15	115901	115908	+	14.3373	2.18e-05	0.649	TTATCACT
M00001_2.00	ABF1	11	116308	116315	-	14.3373	2.18e-05	0.649	TTATCACT
M00001_2.00	ABF1	4	116445	116452	+	14.3373	2.18e-05	0.649	TTATCACT
M00001_2.00	ABF1	8	117823	117830	+	14.3373	2.18e-05	0.649	TTATCACT
M00001_2.00	ABF1	16	118233	118240	-	14.3373	2.18e-05	0.649	TTATCACT
M00001_2.00	ABF1	11	119437	119444	-	14.3373	2.18e-05	0.649	TTATCACT
M00001_2.00	ABF1	8	119587	119594	+	14.3373	2.18e-05	0.649	TTATCACT
M00001_2.00	ABF1	5	120106	120113	+	14.3373	2.18e-05	0.649	TTATCACT
M00001_2.00	ABF1	10	120123	120130	-	14.3373	2.18e-05	0.649	TTATCACT
M00001_2.00	ABF1	11	120701	120708	-	14.3373	2.18e-05	0.649	TTATCACT
M00001_2.00	ABF1	12	120989	120996	-	14.3373	2.18e-05	0.649	TTATCACT
M00001_2.00	ABF1	16	121470	121477	-	14.3373	2.18e-05	0.649	TTATCACT
M00001_2.00	ABF1	15	122378	122385	-	14.3373	2.18e-05	0.649	TTATCACT
M00001_2.00	ABF1	3	123217	123224	-	14.3373	2.18e-05	0.649	TTATCACT
M00001_2.00	ABF1	2	124330	124337	+	14.3373	2.18e-05	0.649	TTATCACT
M00001_2.00	ABF1	2	126596	126603	+	14.3373	2.18e-05	0.649	TTATCACT
M00001_2.00	ABF1	15	127551	127558	-	14.3373	2.18e-05	0.649	TTATCACT
M00001_2.00	ABF1	10	127607	127614	+	14.3373	2.18e-05	0.649	ttatcact
M00001_2.00	ABF1	12	128003	128010	-	14.3373	2.18e-05	0.649	TTATCACT
M00001_2.00	ABF1	12	128240	128247	-	14.3373	2.18e-05	0.649	TTATCACT
M00001_2.00	ABF1	11	128899	128906	-	14.3373	2.18e-05	0.649	TTATCACT
M00001_2.00	ABF1	4	129679	129686	-	14.3373	2.18e-05	0.649	TTATCACT
M00001_2.00	ABF1	7	129688	129695	-	14.3373	2.18e-05	0.649	TTATCACT
M00001_2.00	ABF1	9	130967	130974	-	14.3373	2.18e-05	0.649	TTATCACT
M00001_2.00	ABF1	5	131128	131135	-	14.3373	2.18e-05	0.649	TTATCACT
M00001_2.00	ABF1	7	131188	131195	+	14.3373	2.18e-05	0.649	TTATCACT
M00001_2.00	ABF1	12	134025	134032	+	14.3373	2.18e-05	0.649	TTATCACT
M00001_2.00	ABF1	8	134339	134346	+	14.3373	2.18e-05	0.649	TTATCACT
M00001_2.00	ABF1	9	134336	134343	-	14.3373	2.18e-05	0.649	TTATCACT
M00001_2.00	ABF1	12	135163	135170	-	14.3373	2.18e-05	0.649	TTATCACT
M00001_2.00	ABF1	14	136880	136887	+	14.3373	2.18e-05	0.649	TTATCACT
M00001_2.00	ABF1	7	137858	137865	-	14.3373	2.18e-05	0.649	TTATCACT
M00001_2.00	ABF1	14	137901	137908	+	14.3373	2.18e-05	0.649	TTATCACT
M00001_2.00	ABF1	5	138064	138071	+	14.3373	2.18e-05	0.649	ttatcaCT
M00001_2.00	ABF1	5	138965	138972	-	14.3373	2.18e-05	0.649	TTATCACT
M00001_2.00	ABF1	14	139441	139448	-	14.3373	2.18e-05	0.649	TTATCACT
M00001_2.00	ABF1	9	140884	140891	+	14.3373	2.18e-05	0.649	TTATCACT
M00001_2.00	ABF1	3	140975	140982	+	14.3373	2.18e-05	0.649	TTATCACT
M00001_2.00	ABF1	6	142627	142634	-	14.3373	2.18e-05	0.649	TTATCACT
M00001_2.00	ABF1	3	143379	143386	-	14.3373	2.18e-05	0.649	TTATCACT
M00001_2.00	ABF1	12	143921	143928	-	14.3373	2.18e-05	0.649	TTATCACT
M00001_2.00	ABF1	2	144759	144766	+	14.3373	2.18e-05	0.649	TTATCACT
M00001_2.00	ABF1	13	144769	144776	-	14.3373	2.18e-05	0.649	TTATCACT
M00001_2.00	ABF1	1	145717	145724	-	14.3373	2.18e-05	0.649	TTATCACT
M00001_2.00	ABF1	14	145971	145978	-	14.3373	2.18e-05	0.649	TTATCACT
M00001_2.00	ABF1	8	147418	147425	+	14.3373	2.18e-05	0.649	TTATCACT
M00001_2.00	ABF1	13	151251	151258	-	14.3373	2.18e-05	0.649	TTATCACT
M00001_2.00	ABF1	9	151766	151773	-	14.3373	2.18e-05	0.649	TTATCACT
M00001_2.00	ABF1	15	151792	151799	+	14.3373	2.18e-05	0.649	TTATCACT
M00001_2.00	ABF1	7	152037	152044	+	14.3373	2.18e-05	0.649	TTATCACT
M00001_2.00	ABF1	6	152342	152349	+	14.3373	2.18e-05	0.649	TTATCACT
M00001_2.00	ABF1	14	152998	153005	+	14.3373	2.18e-05	0.649	TTATCACT
M00001_2.00	ABF1	5	154141	154148	-	14.3373	2.18e-05	0.649	TTATCACT
M00001_2.00	ABF1	6	157487	157494	+	14.3373	2.18e-05	0.649	TTATCACT
M00001_2.00	ABF1	1	158710	158717	-	14.3373	2.18e-05	0.649	TTATCACT
M00001_2.00	ABF1	1	159928	159935	+	14.3373	2.18e-05	0.649	TTATCACT
M00001_2.00	ABF1	16	160104	160111	-	14.3373	2.18e-05	0.649	TTATCACT
M00001_2.00	ABF1	4	160661	160668	+	14.3373	2.18e-05	0.649	TTATCACT
M00001_2.00	ABF1	1	161480	161487	+	14.3373	2.18e-05	0.649	ttatcact
M00001_2.00	ABF1	3	161540	161547	-	14.3373	2.18e-05	0.649	TTATCACT
M00001_2.00	ABF1	5	161684	161691	-	14.3373	2.18e-05	0.649	TTATCACT
M00001_2.00	ABF1	3	162620	162627	-	14.3373	2.18e-05	0.649	TTATCACT
M00001_2.00	ABF1	9	163200	163207	+	14.3373	2.18e-05	0.649	TTATCACT
M00001_2.00	ABF1	8	164692	164699	+	14.3373	2.18e-05	0.649	TTATCACT
M00001_2.00	ABF1	7	166445	166452	-	14.3373	2.18e-05	0.649	TTATCACT
M00001_2.00	ABF1	3	168347	168354	-	14.3373	2.18e-05	0.649	TTATCACT
M00001_2.00	ABF1	10	168849	168856	-	14.3373	2.18e-05	0.649	TTATCACT
M00001_2.00	ABF1	12	172471	172478	+	14.3373	2.18e-05	0.649	TTATCACT
M00001_2.00	ABF1	7	173313	173320	+	14.3373	2.18e-05	0.649	TTATCACT
M00001_2.00	ABF1	5	173458	173465	+	14.3373	2.18e-05	0.649	TTATCACT
M00001_2.00	ABF1	7	176387	176394	-	14.3373	2.18e-05	0.649	TTATCACT
M00001_2.00	ABF1	1	176739	176746	-	14.3373	2.18e-05	0.649	TTATCACT
M00001_2.00	ABF1	5	176851	176858	+	14.3373	2.18e-05	0.649	TTATCACT
M00001_2.00	ABF1	9	177954	177961	-	14.3373	2.18e-05	0.649	TTATCACT
M00001_2.00	ABF1	16	178485	178492	-	14.3373	2.18e-05	0.649	TTATCACT
M00001_2.00	ABF1	5	179545	179552	-	14.3373	2.18e-05	0.649	TTATCACT
M00001_2.00	ABF1	14	181809	181816	-	14.3373	2.18e-05	0.649	TTATCACT
M00001_2.00	ABF1	5	182942	182949	-	14.3373	2.18e-05	0.649	TTATCACT
M00001_2.00	ABF1	1	182968	182975	-	14.3373	2.18e-05	0.649	TTATCACT
M00001_2.00	ABF1	6	183128	183135	+	14.3373	2.18e-05	0.649	TTATCACT
M00001_2.00	ABF1	7	183125	183132	-	14.3373	2.18e-05	0.649	TTATCACT
M00001_2.00	ABF1	10	183934	183941	-	14.3373	2.18e-05	0.649	TTATCACT
M00001_2.00	ABF1	15	187356	187363	+	14.3373	2.18e-05	0.649	TTATCACT
M00001_2.00	ABF1	13	188839	188846	-	14.3373	2.18e-05	0.649	TTATCACT
M00001_2.00	ABF1	9	189915	189922	-	14.3373	2.18e-05	0.649	TTATCACT
M00001_2.00	ABF1	16	190181	190188	+	14.3373	2.18e-05	0.649	TTATCACT
M00001_2.00	ABF1	3	191711	191718	+	14.3373	2.18e-05	0.649	TTATcact
M00001_2.00	ABF1	12	193142	193149	+	14.3373	2.18e-05	0.649	TTATCACT
M00001_2.00	ABF1	2	194635	194642	-	14.3373	2.18e-05	0.649	TTATCACT
M00001_2.00	ABF1	8	196212	196219	+	14.3373	2.18e-05	0.649	TTATCACT
M00001_2.00	ABF1	11	196479	196486	+	14.3373	2.18e-05	0.649	TTATCACT
M00001_2.00	ABF1	15	196618	196625	-	14.3373	2.18e-05	0.649	TTATCACT
M00001_2.00	ABF1	15	198280	198287	+	14.3373	2.18e-05	0.649	TTATCACT
M00001_2.00	ABF1	5	199577	199584	-	14.3373	2.18e-05	0.649	TTATCACT
M00001_2.00	ABF1	13	201006	201013	-	14.3373	2.18e-05	0.649	TTATCACT
M00001_2.00	ABF1	16	204114	204121	-	14.3373	2.18e-05	0.649	TTATCACT
M00001_2.00	ABF1	12	204599	204606	-	14.3373	2.18e-05	0.649	TTATCACT
M00001_2.00	ABF1	13	204615	204622	+	14.3373	2.18e-05	0.649	TTATCACT
M00001_2.00	ABF1	3	205754	205761	+	14.3373	2.18e-05	0.649	ttaTCACT
M00001_2.00	ABF1	14	209055	209062	+	14.3373	2.18e-05	0.649	TTATCACT
M00001_2.00	ABF1	14	209750	209757	-	14.3373	2.18e-05	0.649	TTATCACT
M00001_2.00	ABF1	14	213323	213330	+	14.3373	2.18e-05	0.649	ttatcact
M00001_2.00	ABF1	6	214069	214076	+	14.3373	2.18e-05	0.649	TTATCACT
M00001_2.00	ABF1	7	215360	215367	+	14.3373	2.18e-05	0.649	TTATCACT
M00001_2.00	ABF1	12	216323	216330	+	14.3373	2.18e-05	0.649	ttatcact
M00001_2.00	ABF1	4	216653	216660	+	14.3373	2.18e-05	0.649	TTATCACT
M00001_2.00	ABF1	2	216664	216671	+	14.3373	2.18e-05	0.649	TTatcact
M00001_2.00	ABF1	7	217110	217117	-	14.3373	2.18e-05	0.649	TTATCACT
M00001_2.00	ABF1	1	218145	218152	+	14.3373	2.18e-05	0.649	TTATCact
M00001_2.00	ABF1	5	219618	219625	+	14.3373	2.18e-05	0.649	TTATCAct
M00001_2.00	ABF1	6	219616	219623	-	14.3373	2.18e-05	0.649	TTATCACT
M00001_2.00	ABF1	11	222434	222441	+	14.3373	2.18e-05	0.649	TTATCACT
M00001_2.00	ABF1	13	223611	223618	-	14.3373	2.18e-05	0.649	TTATCACT
M00001_2.00	ABF1	6	227763	227770	-	14.3373	2.18e-05	0.649	TTATCACT
M00001_2.00	ABF1	5	228288	228295	+	14.3373	2.18e-05	0.649	ttatcaCT
M00001_2.00	ABF1	13	231056	231063	+	14.3373	2.18e-05	0.649	TTATCACT
M00001_2.00	ABF1	14	232263	232270	-	14.3373	2.18e-05	0.649	TTATCACT
M00001_2.00	ABF1	13	232734	232741	+	14.3373	2.18e-05	0.649	TTATCACT
M00001_2.00	ABF1	5	233649	233656	-	14.3373	2.18e-05	0.649	TTATCACT
M00001_2.00	ABF1	16	235063	235070	+	14.3373	2.18e-05	0.649	TTATCACT
M00001_2.00	ABF1	5	235191	235198	-	14.3373	2.18e-05	0.649	TTATCACT
M00001_2.00	ABF1	14	237996	238003	-	14.3373	2.18e-05	0.649	TTATCACT
M00001_2.00	ABF1	7	239133	239140	-	14.3373	2.18e-05	0.649	TTATCACT
M00001_2.00	ABF1	12	240416	240423	+	14.3373	2.18e-05	0.649	TTATCACT
M00001_2.00	ABF1	7	242104	242111	+	14.3373	2.18e-05	0.649	TTATCAct
M00001_2.00	ABF1	15	242996	243003	-	14.3373	2.18e-05	0.649	TTATCACT
M00001_2.00	ABF1	5	245295	245302	-	14.3373	2.18e-05	0.649	TTATCACT
M00001_2.00	ABF1	8	246203	246210	+	14.3373	2.18e-05	0.649	TTATCACT
M00001_2.00	ABF1	11	246442	246449	-	14.3373	2.18e-05	0.649	TTATCACT
M00001_2.00	ABF1	16	248020	248027	+	14.3373	2.18e-05	0.649	TTATCACT
M00001_2.00	ABF1	5	250304	250311	+	14.3373	2.18e-05	0.649	TTATCACT
M00001_2.00	ABF1	11	250585	250592	-	14.3373	2.18e-05	0.649	TTATCACT
M00001_2.00	ABF1	7	250987	250994	+	14.3373	2.18e-05	0.649	TTATCACT
M00001_2.00	ABF1	14	251609	251616	-	14.3373	2.18e-05	0.649	TTATCACT
M00001_2.00	ABF1	3	252778	252785	-	14.3373	2.18e-05	0.649	TTATCACT
M00001_2.00	ABF1	11	253096	253103	-	14.3373	2.18e-05	0.649	TTATCACT
M00001_2.00	ABF1	4	254131	254138	+	14.3373	2.18e-05	0.649	TTATCACT
M00001_2.00	ABF1	9	254718	254725	+	14.3373	2.18e-05	0.649	ttATCACT
M00001_2.00	ABF1	16	255901	255908	-	14.3373	2.18e-05	0.649	TTATCACT
M00001_2.00	ABF1	8	255949	255956	-	14.3373	2.18e-05	0.649	TTATCACT
M00001_2.00	ABF1	15	258929	258936	-	14.3373	2.18e-05	0.649	TTATCACT
M00001_2.00	ABF1	6	259260	259267	-	14.3373	2.18e-05	0.649	TTATCACT
M00001_2.00	ABF1	13	260257	260264	-	14.3373	2.18e-05	0.649	TTATCACT
M00001_2.00	ABF1	7	260436	260443	+	14.3373	2.18e-05	0.649	TTATCACT
M00001_2.00	ABF1	15	260649	260656	-	14.3373	2.18e-05	0.649	TTATCACT
M00001_2.00	ABF1	9	260990	260997	+	14.3373	2.18e-05	0.649	TTATCACT
M00001_2.00	ABF1	11	261258	261265	-	14.3373	2.18e-05	0.649	TTATCACT
M00001_2.00	ABF1	8	261666	261673	-	14.3373	2.18e-05	0.649	TTATCACT
M00001_2.00	ABF1	4	261960	261967	+	14.3373	2.18e-05	0.649	ttatcact
M00001_2.00	ABF1	11	263535	263542	+	14.3373	2.18e-05	0.649	TTATCACT
M00001_2.00	ABF1	8	263836	263843	-	14.3373	2.18e-05	0.649	TTATCACT
M00001_2.00	ABF1	6	263900	263907	-	14.3373	2.18e-05	0.649	TTATCACT
M00001_2.00	ABF1	10	264087	264094	+	14.3373	2.18e-05	0.649	TTATCACT
M00001_2.00	ABF1	7	266384	266391	-	14.3373	2.18e-05	0.649	TTATCACT
M00001_2.00	ABF1	6	266811	266818	+	14.3373	2.18e-05	0.649	TTATCACT
M00001_2.00	ABF1	10	267675	267682	+	14.3373	2.18e-05	0.649	TTATCACT
M00001_2.00	ABF1	12	268120	268127	+	14.3373	2.18e-05	0.649	TTATCACT
M00001_2.00	ABF1	16	268401	268408	-	14.3373	2.18e-05	0.649	TTATCACT
M00001_2.00	ABF1	14	270876	270883	-	14.3373	2.18e-05	0.649	TTATCACT
M00001_2.00	ABF1	7	272825	272832	+	14.3373	2.18e-05	0.649	TTATCACT
M00001_2.00	ABF1	3	273442	273449	-	14.3373	2.18e-05	0.649	TTATCACT
M00001_2.00	ABF1	13	273523	273530	-	14.3373	2.18e-05	0.649	TTATCACT
M00001_2.00	ABF1	2	276130	276137	+	14.3373	2.18e-05	0.649	TTATCACT
M00001_2.00	ABF1	10	276138	276145	+	14.3373	2.18e-05	0.649	TTATCACT
M00001_2.00	ABF1	11	276139	276146	+	14.3373	2.18e-05	0.649	TTATCACT
M00001_2.00	ABF1	3	276816	276823	+	14.3373	2.18e-05	0.649	TTATCACt
M00001_2.00	ABF1	13	277451	277458	-	14.3373	2.18e-05	0.649	TTATCACT
M00001_2.00	ABF1	16	277806	277813	-	14.3373	2.18e-05	0.649	TTATCACT
M00001_2.00	ABF1	3	279961	279968	-	14.3373	2.18e-05	0.649	TTATCACT
M00001_2.00	ABF1	3	280504	280511	+	14.3373	2.18e-05	0.649	TTATCACT
M00001_2.00	ABF1	11	282366	282373	+	14.3373	2.18e-05	0.649	TTATCACT
M00001_2.00	ABF1	10	283713	283720	+	14.3373	2.18e-05	0.649	TTATCACT
M00001_2.00	ABF1	13	284925	284932	+	14.3373	2.18e-05	0.649	TTATCACT
M00001_2.00	ABF1	16	284968	284975	+	14.3373	2.18e-05	0.649	TTATCACT
M00001_2.00	ABF1	9	284965	284972	-	14.3373	2.18e-05	0.649	TTATCACT
M00001_2.00	ABF1	16	285392	285399	+	14.3373	2.18e-05	0.649	TTATCACT
M00001_2.00	ABF1	9	285472	285479	+	14.3373	2.18e-05	0.649	TTATCACT
M00001_2.00	ABF1	12	287270	287277	+	14.3373	2.18e-05	0.649	TTATCACT
M00001_2.00	ABF1	7	287328	287335	+	14.3373	2.18e-05	0.649	TTATCACT
M00001_2.00	ABF1	15	288232	288239	+	14.3373	2.18e-05	0.649	TTATCACT
M00001_2.00	ABF1	4	288869	288876	+	14.3373	2.18e-05	0.649	TTATCACT
M00001_2.00	ABF1	2	289571	289578	-	14.3373	2.18e-05	0.649	TTATCACT
M00001_2.00	ABF1	2	290969	290976	-	14.3373	2.18e-05	0.649	TTATCACT
M00001_2.00	ABF1	7	294889	294896	+	14.3373	2.18e-05	0.649	TTATCACT
M00001_2.00	ABF1	8	297213	297220	-	14.3373	2.18e-05	0.649	TTATCACT
M00001_2.00	ABF1	9	298620	298627	+	14.3373	2.18e-05	0.649	TTATCACT
M00001_2.00	ABF1	5	302287	302294	+	14.3373	2.18e-05	0.649	TTATCACT
M00001_2.00	ABF1	9	306222	306229	-	14.3373	2.18e-05	0.649	TTATCACT
M00001_2.00	ABF1	14	306442	306449	-	14.3373	2.18e-05	0.649	TTATCACT
M00001_2.00	ABF1	16	306612	306619	+	14.3373	2.18e-05	0.649	TTATCACT
M00001_2.00	ABF1	9	306953	306960	-	14.3373	2.18e-05	0.649	TTATCACT
M00001_2.00	ABF1	7	309250	309257	-	14.3373	2.18e-05	0.649	TTATCACT
M00001_2.00	ABF1	8	309429	309436	-	14.3373	2.18e-05	0.649	TTATCACT
M00001_2.00	ABF1	12	309538	309545	+	14.3373	2.18e-05	0.649	TTATCACT
M00001_2.00	ABF1	5	311273	311280	-	14.3373	2.18e-05	0.649	TTATCACT
M00001_2.00	ABF1	3	312130	312137	-	14.3373	2.18e-05	0.649	TTATCACT
M00001_2.00	ABF1	16	314450	314457	-	14.3373	2.18e-05	0.649	TTATCACT
M00001_2.00	ABF1	2	315462	315469	+	14.3373	2.18e-05	0.649	TTATCACT
M00001_2.00	ABF1	15	316076	316083	+	14.3373	2.18e-05	0.649	TTATCACT
M00001_2.00	ABF1	15	319532	319539	-	14.3373	2.18e-05	0.649	TTATCACT
M00001_2.00	ABF1	12	320005	320012	-	14.3373	2.18e-05	0.649	TTATCACT
M00001_2.00	ABF1	15	321707	321714	-	14.3373	2.18e-05	0.649	TTATCACT
M00001_2.00	ABF1	4	322160	322167	-	14.3373	2.18e-05	0.649	TTATCACT
M00001_2.00	ABF1	16	322168	322175	+	14.3373	2.18e-05	0.649	TTATCACT
M00001_2.00	ABF1	2	324262	324269	-	14.3373	2.18e-05	0.649	TTATCACT
M00001_2.00	ABF1	7	326941	326948	-	14.3373	2.18e-05	0.649	TTATCACT
M00001_2.00	ABF1	2	329164	329171	+	14.3373	2.18e-05	0.649	TTATCACT
M00001_2.00	ABF1	7	332244	332251	-	14.3373	2.18e-05	0.649	TTATCACT
M00001_2.00	ABF1	2	332749	332756	-	14.3373	2.18e-05	0.649	TTATCACT
M00001_2.00	ABF1	9	338626	338633	+	14.3373	2.18e-05	0.649	TTATCACT
M00001_2.00	ABF1	9	339299	339306	+	14.3373	2.18e-05	0.649	TTATCACT
M00001_2.00	ABF1	10	339435	339442	+	14.3373	2.18e-05	0.649	TTATCACT
M00001_2.00	ABF1	2	339936	339943	-	14.3373	2.18e-05	0.649	TTATCACT
M00001_2.00	ABF1	4	343986	343993	-	14.3373	2.18e-05	0.649	TTATCACT
M00001_2.00	ABF1	15	348782	348789	+	14.3373	2.18e-05	0.649	TTATCACT
M00001_2.00	ABF1	2	350367	350374	-	14.3373	2.18e-05	0.649	TTATCACT
M00001_2.00	ABF1	15	350375	350382	-	14.3373	2.18e-05	0.649	TTATCACT
M00001_2.00	ABF1	12	350828	350835	+	14.3373	2.18e-05	0.649	ttatcaCT
M00001_2.00	ABF1	2	350845	350852	+	14.3373	2.18e-05	0.649	TTATCACT
M00001_2.00	ABF1	12	351239	351246	+	14.3373	2.18e-05	0.649	ttatCACT
M00001_2.00	ABF1	16	352406	352413	+	14.3373	2.18e-05	0.649	TTATCACT
M00001_2.00	ABF1	14	352674	352681	+	14.3373	2.18e-05	0.649	TTATCACT
M00001_2.00	ABF1	15	353131	353138	+	14.3373	2.18e-05	0.649	TTATCACT
M00001_2.00	ABF1	8	353607	353614	+	14.3373	2.18e-05	0.649	TTATCACT
M00001_2.00	ABF1	7	354216	354223	-	14.3373	2.18e-05	0.649	TTATCACT
M00001_2.00	ABF1	10	354238	354245	+	14.3373	2.18e-05	0.649	TTATCACT
M00001_2.00	ABF1	13	355534	355541	-	14.3373	2.18e-05	0.649	TTATCACT
M00001_2.00	ABF1	2	356114	356121	-	14.3373	2.18e-05	0.649	TTATCACT
M00001_2.00	ABF1	16	359959	359966	-	14.3373	2.18e-05	0.649	TTATCACT
M00001_2.00	ABF1	4	360411	360418	-	14.3373	2.18e-05	0.649	TTATCACT
M00001_2.00	ABF1	16	361212	361219	+	14.3373	2.18e-05	0.649	TTATCACT
M00001_2.00	ABF1	5	361443	361450	+	14.3373	2.18e-05	0.649	TTATCACT
M00001_2.00	ABF1	15	361507	361514	+	14.3373	2.18e-05	0.649	TTATCACT
M00001_2.00	ABF1	11	361974	361981	+	14.3373	2.18e-05	0.649	TTATCACT
M00001_2.00	ABF1	15	362497	362504	+	14.3373	2.18e-05	0.649	ttaTCACT
M00001_2.00	ABF1	13	363253	363260	+	14.3373	2.18e-05	0.649	ttatcACT
M00001_2.00	ABF1	14	365010	365017	-	14.3373	2.18e-05	0.649	TTATCACT
M00001_2.00	ABF1	7	365063	365070	+	14.3373	2.18e-05	0.649	TTATCACT
M00001_2.00	ABF1	8	366649	366656	+	14.3373	2.18e-05	0.649	TTATCACT
M00001_2.00	ABF1	13	367161	367168	-	14.3373	2.18e-05	0.649	TTATCACT
M00001_2.00	ABF1	10	368732	368739	-	14.3373	2.18e-05	0.649	TTATCACT
M00001_2.00	ABF1	5	368872	368879	+	14.3373	2.18e-05	0.649	TTATCACT
M00001_2.00	ABF1	12	369901	369908	-	14.3373	2.18e-05	0.649	TTATCACT
M00001_2.00	ABF1	7	371084	371091	-	14.3373	2.18e-05	0.649	TTATCACT
M00001_2.00	ABF1	8	372460	372467	-	14.3373	2.18e-05	0.649	TTATCACT
M00001_2.00	ABF1	13	373940	373947	+	14.3373	2.18e-05	0.649	ttatcact
M00001_2.00	ABF1	14	374673	374680	+	14.3373	2.18e-05	0.649	TTATCACT
M00001_2.00	ABF1	9	375185	375192	-	14.3373	2.18e-05	0.649	TTATCACT
M00001_2.00	ABF1	9	377381	377388	-	14.3373	2.18e-05	0.649	TTATCACT
M00001_2.00	ABF1	12	379037	379044	-	14.3373	2.18e-05	0.649	TTATCACT
M00001_2.00	ABF1	10	379416	379423	-	14.3373	2.18e-05	0.649	TTATCACT
M00001_2.00	ABF1	4	379844	379851	+	14.3373	2.18e-05	0.649	TTATCACT
M00001_2.00	ABF1	13	380542	380549	+	14.3373	2.18e-05	0.649	TTATCACT
M00001_2.00	ABF1	4	380783	380790	+	14.3373	2.18e-05	0.649	TTATCACT
M00001_2.00	ABF1	5	386863	386870	-	14.3373	2.18e-05	0.649	TTATCACT
M00001_2.00	ABF1	5	389430	389437	+	14.3373	2.18e-05	0.649	ttatcaCT
M00001_2.00	ABF1	7	390450	390457	+	14.3373	2.18e-05	0.649	TTATCACT
M00001_2.00	ABF1	12	396215	396222	-	14.3373	2.18e-05	0.649	TTATCACT
M00001_2.00	ABF1	13	396877	396884	+	14.3373	2.18e-05	0.649	ttatcacT
M00001_2.00	ABF1	14	397068	397075	+	14.3373	2.18e-05	0.649	TTATCACT
M00001_2.00	ABF1	2	398508	398515	+	14.3373	2.18e-05	0.649	ttaTCACT
M00001_2.00	ABF1	4	398877	398884	+	14.3373	2.18e-05	0.649	TTATCACT
M00001_2.00	ABF1	2	399230	399237	+	14.3373	2.18e-05	0.649	TTATCACT
M00001_2.00	ABF1	9	400104	400111	-	14.3373	2.18e-05	0.649	TTATCACT
M00001_2.00	ABF1	16	400545	400552	-	14.3373	2.18e-05	0.649	TTATCACT
M00001_2.00	ABF1	5	400728	400735	+	14.3373	2.18e-05	0.649	TTATCACT
M00001_2.00	ABF1	9	404535	404542	-	14.3373	2.18e-05	0.649	TTATCACT
M00001_2.00	ABF1	15	404698	404705	+	14.3373	2.18e-05	0.649	TTATCACT
M00001_2.00	ABF1	2	404812	404819	+	14.3373	2.18e-05	0.649	ttaTCACT
M00001_2.00	ABF1	12	405732	405739	+	14.3373	2.18e-05	0.649	ttatcaCT
M00001_2.00	ABF1	10	407148	407155	-	14.3373	2.18e-05	0.649	TTATCACT
M00001_2.00	ABF1	5	407766	407773	+	14.3373	2.18e-05	0.649	ttatcact
M00001_2.00	ABF1	13	408399	408406	-	14.3373	2.18e-05	0.649	TTATCACT
M00001_2.00	ABF1	9	409586	409593	+	14.3373	2.18e-05	0.649	TTATCACT
M00001_2.00	ABF1	15	410727	410734	-	14.3373	2.18e-05	0.649	TTATCACT
M00001_2.00	ABF1	8	412676	412683	-	14.3373	2.18e-05	0.649	TTATCACT
M00001_2.00	ABF1	12	413947	413954	-	14.3373	2.18e-05	0.649	TTATCACT
M00001_2.00	ABF1	10	417142	417149	+	14.3373	2.18e-05	0.649	TTATCACT
M00001_2.00	ABF1	5	417290	417297	-	14.3373	2.18e-05	0.649	TTATCACT
M00001_2.00	ABF1	9	417402	417409	+	14.3373	2.18e-05	0.649	TTATCACT
M00001_2.00	ABF1	16	418961	418968	-	14.3373	2.18e-05	0.649	TTATCACT
M00001_2.00	ABF1	4	419872	419879	+	14.3373	2.18e-05	0.649	TTATCACT
M00001_2.00	ABF1	15	420218	420225	+	14.3373	2.18e-05	0.649	TTATCACT
M00001_2.00	ABF1	2	421464	421471	-	14.3373	2.18e-05	0.649	TTATCACT
M00001_2.00	ABF1	9	422330	422337	+	14.3373	2.18e-05	0.649	TTATCACT
M00001_2.00	ABF1	4	422460	422467	+	14.3373	2.18e-05	0.649	TTATCACT
M00001_2.00	ABF1	8	422993	423000	+	14.3373	2.18e-05	0.649	TTATCACT
M00001_2.00	ABF1	16	423090	423097	+	14.3373	2.18e-05	0.649	TTATCACT
M00001_2.00	ABF1	2	424758	424765	+	14.3373	2.18e-05	0.649	TTATCACT
M00001_2.00	ABF1	4	425736	425743	-	14.3373	2.18e-05	0.649	TTATCACT
M00001_2.00	ABF1	16	427908	427915	+	14.3373	2.18e-05	0.649	TTATCACT
M00001_2.00	ABF1	5	428665	428672	-	14.3373	2.18e-05	0.649	TTATCACT
M00001_2.00	ABF1	4	429151	429158	-	14.3373	2.18e-05	0.649	TTATCACT
M00001_2.00	ABF1	16	430395	430402	+	14.3373	2.18e-05	0.649	TTATCACT
M00001_2.00	ABF1	9	431928	431935	+	14.3373	2.18e-05	0.649	TTATCACT
M00001_2.00	ABF1	12	432674	432681	-	14.3373	2.18e-05	0.649	TTATCACT
M00001_2.00	ABF1	7	433663	433670	+	14.3373	2.18e-05	0.649	TTATCACT
M00001_2.00	ABF1	9	434209	434216	+	14.3373	2.18e-05	0.649	TTATCACT
M00001_2.00	ABF1	13	436044	436051	-	14.3373	2.18e-05	0.649	TTATCACT
M00001_2.00	ABF1	2	436963	436970	+	14.3373	2.18e-05	0.649	TTATCACT
M00001_2.00	ABF1	4	437519	437526	-	14.3373	2.18e-05	0.649	TTATCACT
M00001_2.00	ABF1	4	437877	437884	+	14.3373	2.18e-05	0.649	ttatcact
M00001_2.00	ABF1	7	437936	437943	+	14.3373	2.18e-05	0.649	TTATCACT
M00001_2.00	ABF1	7	443958	443965	-	14.3373	2.18e-05	0.649	TTATCACT
M00001_2.00	ABF1	2	444137	444144	+	14.3373	2.18e-05	0.649	TTATCACT
M00001_2.00	ABF1	12	444463	444470	+	14.3373	2.18e-05	0.649	TTATCACT
M00001_2.00	ABF1	5	444639	444646	+	14.3373	2.18e-05	0.649	ttatcact
M00001_2.00	ABF1	2	445072	445079	+	14.3373	2.18e-05	0.649	TTATCACT
M00001_2.00	ABF1	7	445452	445459	-	14.3373	2.18e-05	0.649	TTATCACT
M00001_2.00	ABF1	13	445961	445968	+	14.3373	2.18e-05	0.649	TTATCACT
M00001_2.00	ABF1	4	446276	446283	+	14.3373	2.18e-05	0.649	TTATCACT
M00001_2.00	ABF1	16	448590	448597	-	14.3373	2.18e-05	0.649	TTATCACT
M00001_2.00	ABF1	12	448696	448703	-	14.3373	2.18e-05	0.649	TTATCACT
M00001_2.00	ABF1	15	453623	453630	-	14.3373	2.18e-05	0.649	TTATCACT
M00001_2.00	ABF1	13	453864	453871	-	14.3373	2.18e-05	0.649	TTATCACT
M00001_2.00	ABF1	4	458085	458092	-	14.3373	2.18e-05	0.649	TTATCACT
M00001_2.00	ABF1	11	460401	460408	+	14.3373	2.18e-05	0.649	ttaTCACT
M00001_2.00	ABF1	16	460883	460890	-	14.3373	2.18e-05	0.649	TTATCACT
M00001_2.00	ABF1	2	462443	462450	+	14.3373	2.18e-05	0.649	TTATCAct
M00001_2.00	ABF1	8	462707	462714	+	14.3373	2.18e-05	0.649	TTATCACT
M00001_2.00	ABF1	15	463370	463377	+	14.3373	2.18e-05	0.649	TTATCACT
M00001_2.00	ABF1	7	465080	465087	-	14.3373	2.18e-05	0.649	TTATCACT
M00001_2.00	ABF1	14	469282	469289	+	14.3373	2.18e-05	0.649	TTATCACT
M00001_2.00	ABF1	7	471200	471207	+	14.3373	2.18e-05	0.649	TTATCACT
M00001_2.00	ABF1	4	471356	471363	-	14.3373	2.18e-05	0.649	TTATCACT
M00001_2.00	ABF1	14	473014	473021	-	14.3373	2.18e-05	0.649	TTATCACT
M00001_2.00	ABF1	7	473579	473586	+	14.3373	2.18e-05	0.649	TTATCACT
M00001_2.00	ABF1	5	474070	474077	+	14.3373	2.18e-05	0.649	TTATCACT
M00001_2.00	ABF1	5	474208	474215	+	14.3373	2.18e-05	0.649	TTATCACT
M00001_2.00	ABF1	4	474323	474330	+	14.3373	2.18e-05	0.649	TTATCACT
M00001_2.00	ABF1	4	475261	475268	+	14.3373	2.18e-05	0.649	ttatCACT
M00001_2.00	ABF1	10	477138	477145	-	14.3373	2.18e-05	0.649	TTATCACT
M00001_2.00	ABF1	12	477216	477223	+	14.3373	2.18e-05	0.649	ttatcact
M00001_2.00	ABF1	4	477399	477406	+	14.3373	2.18e-05	0.649	TTATCACT
M00001_2.00	ABF1	16	479692	479699	-	14.3373	2.18e-05	0.649	TTATCACT
M00001_2.00	ABF1	7	482479	482486	+	14.3373	2.18e-05	0.649	TTATCACT
M00001_2.00	ABF1	14	484139	484146	+	14.3373	2.18e-05	0.649	TTATCACT
M00001_2.00	ABF1	13	484465	484472	-	14.3373	2.18e-05	0.649	TTATCACT
M00001_2.00	ABF1	2	485859	485866	+	14.3373	2.18e-05	0.649	TTATCACT
M00001_2.00	ABF1	15	486357	486364	-	14.3373	2.18e-05	0.649	TTATCACT
M00001_2.00	ABF1	8	486662	486669	-	14.3373	2.18e-05	0.649	TTATCACT
M00001_2.00	ABF1	16	486774	486781	-	14.3373	2.18e-05	0.649	TTATCACT
M00001_2.00	ABF1	15	487075	487082	+	14.3373	2.18e-05	0.649	TTATCACT
M00001_2.00	ABF1	16	487332	487339	+	14.3373	2.18e-05	0.649	TTATCACT
M00001_2.00	ABF1	16	488757	488764	-	14.3373	2.18e-05	0.649	TTATCACT
M00001_2.00	ABF1	10	489833	489840	-	14.3373	2.18e-05	0.649	TTATCACT
M00001_2.00	ABF1	2	492058	492065	-	14.3373	2.18e-05	0.649	TTATCACT
M00001_2.00	ABF1	8	492366	492373	-	14.3373	2.18e-05	0.649	TTATCACT
M00001_2.00	ABF1	5	493739	493746	+	14.3373	2.18e-05	0.649	ttatcact
M00001_2.00	ABF1	13	494747	494754	+	14.3373	2.18e-05	0.649	ttatcact
M00001_2.00	ABF1	13	498061	498068	-	14.3373	2.18e-05	0.649	TTATCACT
M00001_2.00	ABF1	7	499999	500006	+	14.3373	2.18e-05	0.649	TTATCACT
M00001_2.00	ABF1	8	500500	500507	+	14.3373	2.18e-05	0.649	TTATCACT
M00001_2.00	ABF1	5	501676	501683	+	14.3373	2.18e-05	0.649	TTATCACT
M00001_2.00	ABF1	16	504778	504785	+	14.3373	2.18e-05	0.649	TTATCACT
M00001_2.00	ABF1	11	505314	505321	+	14.3373	2.18e-05	0.649	TTATCACT
M00001_2.00	ABF1	11	506609	506616	+	14.3373	2.18e-05	0.649	TTATCACT
M00001_2.00	ABF1	11	506616	506623	+	14.3373	2.18e-05	0.649	TTATCACT
M00001_2.00	ABF1	12	508590	508597	+	14.3373	2.18e-05	0.649	TTATCACT
M00001_2.00	ABF1	15	509629	509636	+	14.3373	2.18e-05	0.649	TTATCACT
M00001_2.00	ABF1	11	510221	510228	+	14.3373	2.18e-05	0.649	ttatcaCT
M00001_2.00	ABF1	12	511894	511901	-	14.3373	2.18e-05	0.649	TTATCACT
M00001_2.00	ABF1	7	512151	512158	-	14.3373	2.18e-05	0.649	TTATCACT
M00001_2.00	ABF1	16	517080	517087	-	14.3373	2.18e-05	0.649	TTATCACT
M00001_2.00	ABF1	10	518211	518218	+	14.3373	2.18e-05	0.649	TTATCACT
M00001_2.00	ABF1	13	518988	518995	-	14.3373	2.18e-05	0.649	TTATCACT
M00001_2.00	ABF1	13	520474	520481	+	14.3373	2.18e-05	0.649	TTATCACT
M00001_2.00	ABF1	10	520673	520680	-	14.3373	2.18e-05	0.649	TTATCACT
M00001_2.00	ABF1	11	520848	520855	+	14.3373	2.18e-05	0.649	ttatcacT
M00001_2.00	ABF1	2	520864	520871	+	14.3373	2.18e-05	0.649	ttatcact
M00001_2.00	ABF1	4	520990	520997	+	14.3373	2.18e-05	0.649	TTATCACT
M00001_2.00	ABF1	8	521737	521744	+	14.3373	2.18e-05	0.649	TTATCACT
M00001_2.00	ABF1	7	523406	523413	-	14.3373	2.18e-05	0.649	TTATCACT
M00001_2.00	ABF1	14	523816	523823	-	14.3373	2.18e-05	0.649	TTATCACT
M00001_2.00	ABF1	8	526121	526128	-	14.3373	2.18e-05	0.649	TTATCACT
M00001_2.00	ABF1	5	528451	528458	+	14.3373	2.18e-05	0.649	TTATCACT
M00001_2.00	ABF1	13	533569	533576	+	14.3373	2.18e-05	0.649	TTATCACT
M00001_2.00	ABF1	12	534478	534485	-	14.3373	2.18e-05	0.649	TTATCACT
M00001_2.00	ABF1	2	536707	536714	+	14.3373	2.18e-05	0.649	TTATCACT
M00001_2.00	ABF1	8	538747	538754	+	14.3373	2.18e-05	0.649	TTATCact
M00001_2.00	ABF1	16	539246	539253	+	14.3373	2.18e-05	0.649	TTATCACT
M00001_2.00	ABF1	13	540246	540253	-	14.3373	2.18e-05	0.649	TTATCACT
M00001_2.00	ABF1	5	540366	540373	+	14.3373	2.18e-05	0.649	TTATCACT
M00001_2.00	ABF1	13	542799	542806	+	14.3373	2.18e-05	0.649	TTATCACT
M00001_2.00	ABF1	10	542997	543004	-	14.3373	2.18e-05	0.649	TTATCACT
M00001_2.00	ABF1	2	543454	543461	+	14.3373	2.18e-05	0.649	TTATCACT
M00001_2.00	ABF1	8	544847	544854	+	14.3373	2.18e-05	0.649	ttatcact
M00001_2.00	ABF1	15	547268	547275	+	14.3373	2.18e-05	0.649	TTATCACT
M00001_2.00	ABF1	2	548917	548924	-	14.3373	2.18e-05	0.649	TTATCACT
M00001_2.00	ABF1	13	550089	550096	-	14.3373	2.18e-05	0.649	TTATCACT
M00001_2.00	ABF1	10	550517	550524	+	14.3373	2.18e-05	0.649	TTATCACT
M00001_2.00	ABF1	15	552192	552199	-	14.3373	2.18e-05	0.649	TTATCACT
M00001_2.00	ABF1	4	552979	552986	-	14.3373	2.18e-05	0.649	TTATCACT
M00001_2.00	ABF1	10	553772	553779	+	14.3373	2.18e-05	0.649	TTATCACT
M00001_2.00	ABF1	4	554298	554305	-	14.3373	2.18e-05	0.649	TTATCACT
M00001_2.00	ABF1	16	554468	554475	-	14.3373	2.18e-05	0.649	TTATCACT
M00001_2.00	ABF1	14	555192	555199	-	14.3373	2.18e-05	0.649	TTATCACT
M00001_2.00	ABF1	7	556602	556609	+	14.3373	2.18e-05	0.649	TTATCACT
M00001_2.00	ABF1	13	558078	558085	-	14.3373	2.18e-05	0.649	TTATCACT
M00001_2.00	ABF1	4	558475	558482	+	14.3373	2.18e-05	0.649	ttatcaCT
M00001_2.00	ABF1	2	558787	558794	+	14.3373	2.18e-05	0.649	TTATCACT
M00001_2.00	ABF1	15	559084	559091	-	14.3373	2.18e-05	0.649	TTATCACT
M00001_2.00	ABF1	2	559190	559197	+	14.3373	2.18e-05	0.649	TTATCACT
M00001_2.00	ABF1	15	561774	561781	+	14.3373	2.18e-05	0.649	TTATCACT
M00001_2.00	ABF1	16	561804	561811	-	14.3373	2.18e-05	0.649	TTATCACT
M00001_2.00	ABF1	7	563082	563089	+	14.3373	2.18e-05	0.649	ttatcact
M00001_2.00	ABF1	14	563270	563277	+	14.3373	2.18e-05	0.649	TTATCACT
M00001_2.00	ABF1	2	563309	563316	+	14.3373	2.18e-05	0.649	TTATCACT
M00001_2.00	ABF1	13	565277	565284	-	14.3373	2.18e-05	0.649	TTATCACT
M00001_2.00	ABF1	4	568480	568487	+	14.3373	2.18e-05	0.649	TTATCACT
M00001_2.00	ABF1	5	568868	568875	-	14.3373	2.18e-05	0.649	TTATCACT
M00001_2.00	ABF1	12	568897	568904	-	14.3373	2.18e-05	0.649	TTATCACT
M00001_2.00	ABF1	7	569978	569985	+	14.3373	2.18e-05	0.649	ttatcact
M00001_2.00	ABF1	2	571361	571368	-	14.3373	2.18e-05	0.649	TTATCACT
M00001_2.00	ABF1	11	571580	571587	-	14.3373	2.18e-05	0.649	TTATCACT
M00001_2.00	ABF1	13	572856	572863	-	14.3373	2.18e-05	0.649	TTATCACT
M00001_2.00	ABF1	4	573532	573539	-	14.3373	2.18e-05	0.649	TTATCACT
M00001_2.00	ABF1	12	574826	574833	-	14.3373	2.18e-05	0.649	TTATCACT
M00001_2.00	ABF1	4	580190	580197	+	14.3373	2.18e-05	0.649	TTATCACT
M00001_2.00	ABF1	15	581631	581638	-	14.3373	2.18e-05	0.649	TTATCACT
M00001_2.00	ABF1	13	582222	582229	+	14.3373	2.18e-05	0.649	TTATCACT
M00001_2.00	ABF1	13	583664	583671	-	14.3373	2.18e-05	0.649	TTATCACT
M00001_2.00	ABF1	13	585970	585977	-	14.3373	2.18e-05	0.649	TTATCACT
M00001_2.00	ABF1	13	586270	586277	+	14.3373	2.18e-05	0.649	TTATCACT
M00001_2.00	ABF1	12	586348	586355	+	14.3373	2.18e-05	0.649	TTATCACT
M00001_2.00	ABF1	12	587996	588003	+	14.3373	2.18e-05	0.649	TTATCACT
M00001_2.00	ABF1	2	590287	590294	+	14.3373	2.18e-05	0.649	TTATCACT
M00001_2.00	ABF1	13	591091	591098	+	14.3373	2.18e-05	0.649	TTATCACT
M00001_2.00	ABF1	16	593676	593683	+	14.3373	2.18e-05	0.649	TTATCACT
M00001_2.00	ABF1	12	597816	597823	-	14.3373	2.18e-05	0.649	TTATCACT
M00001_2.00	ABF1	7	603092	603099	-	14.3373	2.18e-05	0.649	TTATCACT
M00001_2.00	ABF1	2	604082	604089	-	14.3373	2.18e-05	0.649	TTATCACT
M00001_2.00	ABF1	15	604800	604807	+	14.3373	2.18e-05	0.649	TTATCACT
M00001_2.00	ABF1	12	605060	605067	+	14.3373	2.18e-05	0.649	ttatcact
M00001_2.00	ABF1	13	615271	615278	-	14.3373	2.18e-05	0.649	TTATCACT
M00001_2.00	ABF1	11	616247	616254	+	14.3373	2.18e-05	0.649	TTATCACT
M00001_2.00	ABF1	10	617812	617819	+	14.3373	2.18e-05	0.649	TTATCACT
M00001_2.00	ABF1	15	619084	619091	+	14.3373	2.18e-05	0.649	TTATCACT
M00001_2.00	ABF1	15	619721	619728	+	14.3373	2.18e-05	0.649	TTATCACT
M00001_2.00	ABF1	7	624790	624797	-	14.3373	2.18e-05	0.649	TTATCACT
M00001_2.00	ABF1	16	625160	625167	-	14.3373	2.18e-05	0.649	TTATCACT
M00001_2.00	ABF1	11	627775	627782	+	14.3373	2.18e-05	0.649	TTATCACT
M00001_2.00	ABF1	11	627946	627953	+	14.3373	2.18e-05	0.649	TTATCACT
M00001_2.00	ABF1	4	628524	628531	+	14.3373	2.18e-05	0.649	TTATCACT
M00001_2.00	ABF1	7	628604	628611	+	14.3373	2.18e-05	0.649	TTATCACT
M00001_2.00	ABF1	16	628684	628691	+	14.3373	2.18e-05	0.649	TTATCACT
M00001_2.00	ABF1	10	629432	629439	-	14.3373	2.18e-05	0.649	TTATCACT
M00001_2.00	ABF1	4	632150	632157	+	14.3373	2.18e-05	0.649	TTATCACT
M00001_2.00	ABF1	12	632144	632151	-	14.3373	2.18e-05	0.649	TTATCACT
M00001_2.00	ABF1	10	633442	633449	+	14.3373	2.18e-05	0.649	TTATCACT
M00001_2.00	ABF1	4	633616	633623	-	14.3373	2.18e-05	0.649	TTATCACT
M00001_2.00	ABF1	12	634510	634517	-	14.3373	2.18e-05	0.649	TTATCACT
M00001_2.00	ABF1	16	634979	634986	+	14.3373	2.18e-05	0.649	TTATCACT
M00001_2.00	ABF1	10	636022	636029	+	14.3373	2.18e-05	0.649	TTATCACT
M00001_2.00	ABF1	10	643064	643071	+	14.3373	2.18e-05	0.649	TTATCACT
M00001_2.00	ABF1	4	645199	645206	-	14.3373	2.18e-05	0.649	TTATCACT
M00001_2.00	ABF1	14	648155	648162	-	14.3373	2.18e-05	0.649	TTATCACT
M00001_2.00	ABF1	7	653204	653211	+	14.3373	2.18e-05	0.649	TTATCACT
M00001_2.00	ABF1	7	653407	653414	+	14.3373	2.18e-05	0.649	TTATCACT
M00001_2.00	ABF1	16	655478	655485	-	14.3373	2.18e-05	0.649	TTATCACT
M00001_2.00	ABF1	11	656585	656592	+	14.3373	2.18e-05	0.649	TTATCACT
M00001_2.00	ABF1	12	658345	658352	+	14.3373	2.18e-05	0.649	TTATCACT
M00001_2.00	ABF1	7	660340	660347	+	14.3373	2.18e-05	0.649	TTATCACT
M00001_2.00	ABF1	4	660591	660598	-	14.3373	2.18e-05	0.649	TTATCACT
M00001_2.00	ABF1	12	666072	666079	-	14.3373	2.18e-05	0.649	TTATCACT
M00001_2.00	ABF1	7	666757	666764	-	14.3373	2.18e-05	0.649	TTATCACT
M00001_2.00	ABF1	15	667276	667283	+	14.3373	2.18e-05	0.649	tTATCACT
M00001_2.00	ABF1	14	671060	671067	-	14.3373	2.18e-05	0.649	TTATCACT
M00001_2.00	ABF1	4	676423	676430	-	14.3373	2.18e-05	0.649	TTATCACT
M00001_2.00	ABF1	2	676792	676799	-	14.3373	2.18e-05	0.649	TTATCACT
M00001_2.00	ABF1	15	679343	679350	-	14.3373	2.18e-05	0.649	TTATCACT
M00001_2.00	ABF1	2	679417	679424	+	14.3373	2.18e-05	0.649	TTATCACT
M00001_2.00	ABF1	12	679984	679991	+	14.3373	2.18e-05	0.649	TTATCACT
M00001_2.00	ABF1	12	680572	680579	-	14.3373	2.18e-05	0.649	TTATCACT
M00001_2.00	ABF1	4	680860	680867	+	14.3373	2.18e-05	0.649	TTATCACT
M00001_2.00	ABF1	12	681482	681489	-	14.3373	2.18e-05	0.649	TTATCACT
M00001_2.00	ABF1	16	682630	682637	-	14.3373	2.18e-05	0.649	TTATCACT
M00001_2.00	ABF1	4	683595	683602	+	14.3373	2.18e-05	0.649	TTATCACT
M00001_2.00	ABF1	14	685751	685758	+	14.3373	2.18e-05	0.649	TTATCACT
M00001_2.00	ABF1	10	692788	692795	+	14.3373	2.18e-05	0.649	TTATCACT
M00001_2.00	ABF1	16	695960	695967	+	14.3373	2.18e-05	0.649	TTATCACT
M00001_2.00	ABF1	4	696116	696123	-	14.3373	2.18e-05	0.649	TTATCACT
M00001_2.00	ABF1	14	698284	698291	-	14.3373	2.18e-05	0.649	TTATCACT
M00001_2.00	ABF1	15	699335	699342	-	14.3373	2.18e-05	0.649	TTATCACT
M00001_2.00	ABF1	10	699592	699599	-	14.3373	2.18e-05	0.649	TTATCACT
M00001_2.00	ABF1	2	700308	700315	-	14.3373	2.18e-05	0.649	TTATCACT
M00001_2.00	ABF1	14	709426	709433	+	14.3373	2.18e-05	0.649	TTATCACT
M00001_2.00	ABF1	16	711142	711149	-	14.3373	2.18e-05	0.649	TTATCACT
M00001_2.00	ABF1	15	713217	713224	-	14.3373	2.18e-05	0.649	TTATCACT
M00001_2.00	ABF1	7	716683	716690	-	14.3373	2.18e-05	0.649	TTATCACT
M00001_2.00	ABF1	10	720261	720268	+	14.3373	2.18e-05	0.649	TTATCACT
M00001_2.00	ABF1	4	721284	721291	-	14.3373	2.18e-05	0.649	TTATCACT
M00001_2.00	ABF1	4	723059	723066	+	14.3373	2.18e-05	0.649	TTATCACT
M00001_2.00	ABF1	12	723300	723307	-	14.3373	2.18e-05	0.649	TTATCACT
M00001_2.00	ABF1	7	727125	727132	-	14.3373	2.18e-05	0.649	TTATCACT
M00001_2.00	ABF1	7	727193	727200	-	14.3373	2.18e-05	0.649	TTATCACT
M00001_2.00	ABF1	2	731430	731437	-	14.3373	2.18e-05	0.649	TTATCACT
M00001_2.00	ABF1	14	731921	731928	-	14.3373	2.18e-05	0.649	TTATCACT
M00001_2.00	ABF1	14	732332	732339	-	14.3373	2.18e-05	0.649	TTATCACT
M00001_2.00	ABF1	13	733245	733252	+	14.3373	2.18e-05	0.649	TTATCACT
M00001_2.00	ABF1	16	734587	734594	+	14.3373	2.18e-05	0.649	TTATCACT
M00001_2.00	ABF1	14	734969	734976	-	14.3373	2.18e-05	0.649	TTATCACT
M00001_2.00	ABF1	7	737260	737267	+	14.3373	2.18e-05	0.649	TTATCACT
M00001_2.00	ABF1	15	737708	737715	+	14.3373	2.18e-05	0.649	TTATCACT
M00001_2.00	ABF1	15	739180	739187	+	14.3373	2.18e-05	0.649	TTATCACT
M00001_2.00	ABF1	14	740607	740614	-	14.3373	2.18e-05	0.649	TTATCACT
M00001_2.00	ABF1	15	742701	742708	+	14.3373	2.18e-05	0.649	TTATCACT
M00001_2.00	ABF1	7	745652	745659	-	14.3373	2.18e-05	0.649	TTATCACT
M00001_2.00	ABF1	14	748057	748064	+	14.3373	2.18e-05	0.649	TTATCACT
M00001_2.00	ABF1	7	749693	749700	-	14.3373	2.18e-05	0.649	TTATCACT
M00001_2.00	ABF1	4	750318	750325	+	14.3373	2.18e-05	0.649	TTATCACT
M00001_2.00	ABF1	12	752384	752391	-	14.3373	2.18e-05	0.649	TTATCACT
M00001_2.00	ABF1	2	752740	752747	+	14.3373	2.18e-05	0.649	TTATCACT
M00001_2.00	ABF1	12	755637	755644	-	14.3373	2.18e-05	0.649	TTATCACT
M00001_2.00	ABF1	2	756784	756791	+	14.3373	2.18e-05	0.649	TTATCACT
M00001_2.00	ABF1	13	757631	757638	-	14.3373	2.18e-05	0.649	TTATCACT
M00001_2.00	ABF1	7	758484	758491	-	14.3373	2.18e-05	0.649	TTATCACT
M00001_2.00	ABF1	14	759753	759760	+	14.3373	2.18e-05	0.649	TTATCACT
M00001_2.00	ABF1	14	759958	759965	+	14.3373	2.18e-05	0.649	TTATCACT
M00001_2.00	ABF1	12	761026	761033	-	14.3373	2.18e-05	0.649	TTATCACT
M00001_2.00	ABF1	13	762997	763004	-	14.3373	2.18e-05	0.649	TTATCACT
M00001_2.00	ABF1	14	766588	766595	+	14.3373	2.18e-05	0.649	TTATCACT
M00001_2.00	ABF1	2	767750	767757	+	14.3373	2.18e-05	0.649	TTATCACT
M00001_2.00	ABF1	15	773350	773357	-	14.3373	2.18e-05	0.649	TTATCACT
M00001_2.00	ABF1	7	773507	773514	-	14.3373	2.18e-05	0.649	TTATCACT
M00001_2.00	ABF1	2	773864	773871	+	14.3373	2.18e-05	0.649	TTATCACT
M00001_2.00	ABF1	13	774551	774558	-	14.3373	2.18e-05	0.649	TTATCACT
M00001_2.00	ABF1	4	777455	777462	-	14.3373	2.18e-05	0.649	TTATCACT
M00001_2.00	ABF1	15	778292	778299	-	14.3373	2.18e-05	0.649	TTATCACT
M00001_2.00	ABF1	14	778826	778833	+	14.3373	2.18e-05	0.649	TTATCACT
M00001_2.00	ABF1	14	779649	779656	-	14.3373	2.18e-05	0.649	TTATCACT
M00001_2.00	ABF1	2	781368	781375	-	14.3373	2.18e-05	0.649	TTATCACT
M00001_2.00	ABF1	14	781710	781717	-	14.3373	2.18e-05	0.649	TTATCACT
M00001_2.00	ABF1	14	781793	781800	-	14.3373	2.18e-05	0.649	TTATCACT
M00001_2.00	ABF1	4	782018	782025	+	14.3373	2.18e-05	0.649	ttatcact
M00001_2.00	ABF1	13	782068	782075	-	14.3373	2.18e-05	0.649	TTATCACT
M00001_2.00	ABF1	16	783722	783729	-	14.3373	2.18e-05	0.649	TTATCACT
M00001_2.00	ABF1	15	783743	783750	-	14.3373	2.18e-05	0.649	TTATCACT
M00001_2.00	ABF1	12	785537	785544	-	14.3373	2.18e-05	0.649	TTATCACT
M00001_2.00	ABF1	13	785833	785840	-	14.3373	2.18e-05	0.649	TTATCACT
M00001_2.00	ABF1	13	795824	795831	+	14.3373	2.18e-05	0.649	TTATCACT
M00001_2.00	ABF1	13	796384	796391	-	14.3373	2.18e-05	0.649	TTATCACT
M00001_2.00	ABF1	7	799999	800006	+	14.3373	2.18e-05	0.649	TTATCACT
M00001_2.00	ABF1	12	801332	801339	-	14.3373	2.18e-05	0.649	TTATCACT
M00001_2.00	ABF1	7	801888	801895	+	14.3373	2.18e-05	0.649	TTATCACT
M00001_2.00	ABF1	4	802777	802784	-	14.3373	2.18e-05	0.649	TTATCACT
M00001_2.00	ABF1	16	803862	803869	-	14.3373	2.18e-05	0.649	TTATCACT
M00001_2.00	ABF1	2	805084	805091	-	14.3373	2.18e-05	0.649	TTATCACT
M00001_2.00	ABF1	16	805884	805891	+	14.3373	2.18e-05	0.649	ttatcact
M00001_2.00	ABF1	2	806191	806198	-	14.3373	2.18e-05	0.649	TTATCACT
M00001_2.00	ABF1	15	807906	807913	+	14.3373	2.18e-05	0.649	TTATCACT
M00001_2.00	ABF1	13	808292	808299	-	14.3373	2.18e-05	0.649	TTATCACT
M00001_2.00	ABF1	16	812285	812292	+	14.3373	2.18e-05	0.649	TTATCACT
M00001_2.00	ABF1	4	812566	812573	-	14.3373	2.18e-05	0.649	TTATCACT
M00001_2.00	ABF1	7	816161	816168	-	14.3373	2.18e-05	0.649	TTATCACT
M00001_2.00	ABF1	16	816320	816327	+	14.3373	2.18e-05	0.649	ttatcact
M00001_2.00	ABF1	4	817171	817178	-	14.3373	2.18e-05	0.649	TTATCACT
M00001_2.00	ABF1	13	817706	817713	-	14.3373	2.18e-05	0.649	TTATCACT
M00001_2.00	ABF1	4	823407	823414	+	14.3373	2.18e-05	0.649	TTATCACT
M00001_2.00	ABF1	7	826618	826625	-	14.3373	2.18e-05	0.649	TTATCACT
M00001_2.00	ABF1	4	832010	832017	+	14.3373	2.18e-05	0.649	TTATCACT
M00001_2.00	ABF1	16	839377	839384	+	14.3373	2.18e-05	0.649	TTATCACT
M00001_2.00	ABF1	12	840273	840280	+	14.3373	2.18e-05	0.649	TTATCACT
M00001_2.00	ABF1	16	849090	849097	-	14.3373	2.18e-05	0.649	TTATCACT
M00001_2.00	ABF1	12	850514	850521	-	14.3373	2.18e-05	0.649	TTATCACT
M00001_2.00	ABF1	13	850768	850775	+	14.3373	2.18e-05	0.649	TTATCACT
M00001_2.00	ABF1	4	851529	851536	+	14.3373	2.18e-05	0.649	TTATCACT
M00001_2.00	ABF1	16	851872	851879	+	14.3373	2.18e-05	0.649	ttatcact
M00001_2.00	ABF1	4	860672	860679	-	14.3373	2.18e-05	0.649	TTATCACT
M00001_2.00	ABF1	16	864253	864260	+	14.3373	2.18e-05	0.649	TTATCACT
M00001_2.00	ABF1	16	866412	866419	+	14.3373	2.18e-05	0.649	TTATCACT
M00001_2.00	ABF1	13	867998	868005	+	14.3373	2.18e-05	0.649	TTATCACT
M00001_2.00	ABF1	15	868535	868542	+	14.3373	2.18e-05	0.649	TTATCACT
M00001_2.00	ABF1	7	872668	872675	-	14.3373	2.18e-05	0.649	TTATCACT
M00001_2.00	ABF1	13	874422	874429	-	14.3373	2.18e-05	0.649	TTATCACT
M00001_2.00	ABF1	4	879542	879549	+	14.3373	2.18e-05	0.649	ttatcact
M00001_2.00	ABF1	7	881743	881750	-	14.3373	2.18e-05	0.649	TTATCACT
M00001_2.00	ABF1	7	883451	883458	-	14.3373	2.18e-05	0.649	TTATCACT
M00001_2.00	ABF1	7	889027	889034	+	14.3373	2.18e-05	0.649	TTATCACT
M00001_2.00	ABF1	7	891096	891103	+	14.3373	2.18e-05	0.649	TTATCACT
M00001_2.00	ABF1	7	891216	891223	+	14.3373	2.18e-05	0.649	TTATCACT
M00001_2.00	ABF1	13	891647	891654	+	14.3373	2.18e-05	0.649	TTATCACT
M00001_2.00	ABF1	12	897140	897147	+	14.3373	2.18e-05	0.649	ttatcacT
M00001_2.00	ABF1	13	897173	897180	+	14.3373	2.18e-05	0.649	TTATCACT
M00001_2.00	ABF1	16	898305	898312	-	14.3373	2.18e-05	0.649	TTATCACT
M00001_2.00	ABF1	7	901798	901805	-	14.3373	2.18e-05	0.649	TTATCACT
M00001_2.00	ABF1	13	904557	904564	-	14.3373	2.18e-05	0.649	TTATCACT
M00001_2.00	ABF1	7	906627	906634	-	14.3373	2.18e-05	0.649	TTATCACT
M00001_2.00	ABF1	15	907883	907890	-	14.3373	2.18e-05	0.649	TTATCACT
M00001_2.00	ABF1	12	909315	909322	-	14.3373	2.18e-05	0.649	TTATCACT
M00001_2.00	ABF1	4	910069	910076	-	14.3373	2.18e-05	0.649	TTATCACT
M00001_2.00	ABF1	4	913266	913273	-	14.3373	2.18e-05	0.649	TTATCACT
M00001_2.00	ABF1	12	915291	915298	-	14.3373	2.18e-05	0.649	TTATCACT
M00001_2.00	ABF1	16	923991	923998	+	14.3373	2.18e-05	0.649	TTATCACT
M00001_2.00	ABF1	15	927269	927276	+	14.3373	2.18e-05	0.649	TTATCACT
M00001_2.00	ABF1	15	930285	930292	+	14.3373	2.18e-05	0.649	TTATCACT
M00001_2.00	ABF1	4	930768	930775	-	14.3373	2.18e-05	0.649	TTATCACT
M00001_2.00	ABF1	12	935938	935945	-	14.3373	2.18e-05	0.649	TTATCACT
M00001_2.00	ABF1	4	940974	940981	-	14.3373	2.18e-05	0.649	TTATCACT
M00001_2.00	ABF1	4	946352	946359	+	14.3373	2.18e-05	0.649	TTATCACT
M00001_2.00	ABF1	12	950556	950563	+	14.3373	2.18e-05	0.649	TTATCACT
M00001_2.00	ABF1	4	962939	962946	-	14.3373	2.18e-05	0.649	TTATCACT
M00001_2.00	ABF1	4	967629	967636	+	14.3373	2.18e-05	0.649	TTATCACT
M00001_2.00	ABF1	7	980324	980331	+	14.3373	2.18e-05	0.649	TTATCACT
M00001_2.00	ABF1	15	993264	993271	+	14.3373	2.18e-05	0.649	TTATCACT
M00001_2.00	ABF1	4	1004987	1004994	-	14.3373	2.18e-05	0.649	TTATCACT
M00001_2.00	ABF1	12	1006357	1006364	-	14.3373	2.18e-05	0.649	TTATCACT
M00001_2.00	ABF1	4	1009583	1009590	-	14.3373	2.18e-05	0.649	TTATCACT
M00001_2.00	ABF1	7	1010973	1010980	-	14.3373	2.18e-05	0.649	TTATCACT
M00001_2.00	ABF1	7	1011651	1011658	+	14.3373	2.18e-05	0.649	ttatcact
M00001_2.00	ABF1	4	1015566	1015573	+	14.3373	2.18e-05	0.649	TTATCACT
M00001_2.00	ABF1	15	1016665	1016672	+	14.3373	2.18e-05	0.649	TTATCACT
M00001_2.00	ABF1	15	1017968	1017975	+	14.3373	2.18e-05	0.649	TTATCACT
M00001_2.00	ABF1	12	1024933	1024940	+	14.3373	2.18e-05	0.649	TTATCACT
M00001_2.00	ABF1	4	1025298	1025305	-	14.3373	2.18e-05	0.649	TTATCACT
M00001_2.00	ABF1	7	1027115	1027122	+	14.3373	2.18e-05	0.649	TTATCACT
M00001_2.00	ABF1	15	1027672	1027679	+	14.3373	2.18e-05	0.649	TTATCACT
M00001_2.00	ABF1	7	1028435	1028442	-	14.3373	2.18e-05	0.649	TTATCACT
M00001_2.00	ABF1	15	1029430	1029437	+	14.3373	2.18e-05	0.649	TTATCACT
M00001_2.00	ABF1	15	1029995	1030002	+	14.3373	2.18e-05	0.649	TTATCACT
M00001_2.00	ABF1	4	1031106	1031113	-	14.3373	2.18e-05	0.649	TTATCACT
M00001_2.00	ABF1	4	1035256	1035263	+	14.3373	2.18e-05	0.649	TTATCACT
M00001_2.00	ABF1	4	1035863	1035870	-	14.3373	2.18e-05	0.649	TTATCACT
M00001_2.00	ABF1	7	1036063	1036070	+	14.3373	2.18e-05	0.649	TTATCACT
M00001_2.00	ABF1	12	1036791	1036798	+	14.3373	2.18e-05	0.649	TTATCACT
M00001_2.00	ABF1	4	1040435	1040442	-	14.3373	2.18e-05	0.649	TTATCACT
M00001_2.00	ABF1	12	1047139	1047146	+	14.3373	2.18e-05	0.649	TTATCACT
M00001_2.00	ABF1	7	1048993	1049000	-	14.3373	2.18e-05	0.649	TTATCACT
M00001_2.00	ABF1	7	1051205	1051212	+	14.3373	2.18e-05	0.649	ttatcaCT
M00001_2.00	ABF1	7	1076332	1076339	-	14.3373	2.18e-05	0.649	TTATCACT
M00001_2.00	ABF1	7	1077439	1077446	-	14.3373	2.18e-05	0.649	TTATCACT
M00001_2.00	ABF1	15	1080129	1080136	+	14.3373	2.18e-05	0.649	TTATCACT
M00001_2.00	ABF1	4	1100442	1100449	-	14.3373	2.18e-05	0.649	TTATCACT
M00001_2.00	ABF1	4	1136580	1136587	-	14.3373	2.18e-05	0.649	TTATCACT
M00001_2.00	ABF1	4	1141786	1141793	-	14.3373	2.18e-05	0.649	TTATCACT
M00001_2.00	ABF1	4	1181564	1181571	+	14.3373	2.18e-05	0.649	TTATCACT
M00001_2.00	ABF1	4	1213839	1213846	-	14.3373	2.18e-05	0.649	TTATCACT
M00001_2.00	ABF1	4	1305255	1305262	-	14.3373	2.18e-05	0.649	TTATCACT
M00001_2.00	ABF1	4	1305795	1305802	+	14.3373	2.18e-05	0.649	TTATCACT
M00001_2.00	ABF1	4	1315383	1315390	-	14.3373	2.18e-05	0.649	TTATCACT
M00001_2.00	ABF1	4	1328626	1328633	+	14.3373	2.18e-05	0.649	TTATCACT
M00001_2.00	ABF1	4	1348518	1348525	+	14.3373	2.18e-05	0.649	TTATCACT
M00001_2.00	ABF1	4	1375589	1375596	-	14.3373	2.18e-05	0.649	TTATCACT
M00001_2.00	ABF1	4	1388631	1388638	+	14.3373	2.18e-05	0.649	TTATCACT
M00001_2.00	ABF1	4	1439814	1439821	+	14.3373	2.18e-05	0.649	TTATCACT
M00001_2.00	ABF1	4	1446156	1446163	-	14.3373	2.18e-05	0.649	TTATCACT
M00001_2.00	ABF1	4	1448373	1448380	-	14.3373	2.18e-05	0.649	TTATCACT
M00001_2.00	ABF1	4	1449109	1449116	+	14.3373	2.18e-05	0.649	TTATCACT
M00001_2.00	ABF1	4	1450997	1451004	-	14.3373	2.18e-05	0.649	TTATCACT
M00001_2.00	ABF1	4	1460922	1460929	-	14.3373	2.18e-05	0.649	TTATCACT
M00001_2.00	ABF1	4	1461938	1461945	-	14.3373	2.18e-05	0.649	TTATCACT
M00001_2.00	ABF1	4	1462521	1462528	+	14.3373	2.18e-05	0.649	TTATCACT
M00001_2.00	ABF1	4	1481329	1481336	+	14.3373	2.18e-05	0.649	ttatcaCT
M00001_2.00	ABF1	4	1498793	1498800	+	14.3373	2.18e-05	0.649	TTATCACT

# FIMO (Find Individual Motif Occurrences): Version 5.3.3 compiled on Mar 30 2021 at 10:25:32
# The format of this file is described at https://meme-suite.org/meme/doc/fimo-output-format.html.
# fimo --oc Abf1 --motif M00001_2.00 for_fimo/Saccharomyces_cerevisiae_CISBP2.meme for_fimo/cer_normal_chromosomes.fa
